Timestamp,sWorld.GetCurrentDiff(),sWorld.GetAverageDiff(),sWorld.GetMaxDiff(),virtualMemUsedByMe,activityPercentage,activityPercentageMod,activeBots,playerBots.size(),avarageLevel1-9,avarageLevel10-19,avarageLevel20-29,avarageLevel30-39,avarageLevel40-49,avarageLevel50-59,avarageLevel60,avarageGold,avarageGearScore
68275, 0,0,0,1.2577e+09,100,50,0,0,0.0000,0.0000,0.0000,0.0000,0.0000,0.0000,0.0000,0.0000,0.0000,
69643, 1248,342,1248,1.45528e+09,0,-50,0,6,0.0000,0.0000,0.0000,0.0000,0.0000,0.0000,0.0000,0.0000,0.0000,
70711, 327,221,1248,1.5956e+09,72.94,22.94,6,15,0.0000,0.0000,0.0000,0.0000,0.0000,0.0000,0.0000,0.0000,0.0000,
71650, 63,177,1248,1.70302e+09,59.97,9.97,6,22,0.0000,0.0000,0.0000,0.0000,0.0000,0.0000,0.0000,0.0000,0.0000,
72606, 62,154,1248,1.81414e+09,57.38,7.38,12,29,0.0000,0.0000,0.0000,0.0000,0.0000,0.0000,0.0000,0.0000,0.0000,
73534, 61,146,1248,1.95376e+09,55.32,5.32,16,36,0.0000,0.0000,0.0000,0.0000,0.0000,0.0000,0.0000,0.0000,0.0000,
74476, 62,134,1248,2.03722e+09,57.38,7.38,18,43,0.0000,0.0000,0.0000,0.0000,0.0000,0.0000,0.0000,0.0000,0.0000,
75393, 61,136,1248,2.19244e+09,55.12,5.12,15,50,0.0000,0.0000,0.0000,0.0000,0.0000,0.0000,0.0000,0.0000,0.0000,
76316, 61,125,1248,2.24575e+09,59.02,9.02,22,57,0.0000,0.0000,0.0000,0.0000,0.0000,0.0000,0.0000,0.0000,0.0000,
77263, 61,115,1248,2.26944e+09,60.17,10.17,18,64,0.0000,0.0000,0.0000,0.0000,0.0000,0.0000,0.0000,0.0000,0.0000,
78178, 64,113,1248,2.33597e+09,59.54,9.54,20,71,0.0000,0.0000,0.0000,0.0000,0.0000,0.0000,0.0000,0.0000,0.0000,
79100, 62,109,1248,2.38732e+09,61.05,11.05,22,78,0.0000,0.0000,0.0000,0.0000,0.0000,0.0000,0.0000,0.0000,0.0000,
80001, 63,103,1248,2.4106e+09,62.72,12.72,29,85,0.0000,0.0000,0.0000,0.0000,0.0000,0.0000,0.0000,0.0000,0.0000,
80905, 63,101,1248,2.4662e+09,63.01,13.01,36,92,0.0000,0.0000,0.0000,0.0000,0.0000,0.0000,0.0000,0.0000,0.0000,
81815, 63,99,1248,2.51752e+09,64.12,14.12,44,99,0.0000,0.0000,0.0000,0.0000,0.0000,0.0000,0.0000,0.0000,0.0000,
82745, 63,95,1248,2.52522e+09,65.77,15.77,48,106,0.0000,0.0000,0.0000,0.0000,0.0000,0.0000,0.0000,0.0000,0.0000,
83689, 61,93,1248,2.554e+09,66.54,16.54,56,113,0.0000,0.0000,0.0000,0.0000,0.0000,0.0000,0.0000,0.0000,0.0000,
84638, 62,91,1248,2.60936e+09,67.73,17.73,60,120,0.0000,0.0000,0.0000,0.0000,0.0000,0.0000,0.0000,0.0000,0.0000,
85555, 62,92,1248,2.69061e+09,68.16,18.16,68,127,0.0000,0.0000,0.0000,0.0000,0.0000,0.0000,0.0000,0.0000,0.0000,
86511, 64,94,1248,2.76451e+09,68.92,18.92,77,134,0.0000,0.0198,0.0000,0.0000,0.0000,0.0000,0.0000,0.0000,0.0000,
87462, 61,91,1248,2.78723e+09,71.16,21.16,79,141,0.0000,0.0176,0.0000,0.0000,0.0000,0.0000,0.0000,0.0000,0.0000,
88447, 185,90,1248,2.81958e+09,71.91,21.91,81,148,0.0000,0.0142,0.0000,0.0000,0.0000,0.0000,0.0000,0.0000,0.0000,
89400, 61,89,1248,2.86989e+09,73.07,23.07,92,155,0.0000,0.0128,0.0000,0.0000,0.0000,0.0000,0.0000,0.0000,0.0000,
90305, 62,88,1248,2.87845e+09,74.24,24.24,98,162,0.0000,0.0107,0.0000,0.0053,0.0000,0.0000,0.0000,0.0000,0.0000,
91272, 152,88,1248,2.93344e+09,75.16,25.16,106,169,0.0000,0.0090,0.0000,0.0044,0.0000,0.0000,0.0000,0.0000,0.0000,
92192, 59,87,1248,2.95931e+09,76.54,26.54,117,176,0.0000,0.0083,0.0000,0.0038,0.0000,0.0000,0.0000,0.0000,0.0000,
93132, 62,86,1248,2.9841e+09,77.73,27.73,126,183,0.0000,0.0077,0.0000,0.0032,0.0000,0.0000,0.0000,0.0000,0.0000,
94119, 388,86,1248,3.00496e+09,78.67,28.67,138,189,0.0000,0.0071,0.0000,0.0029,0.0000,0.0000,0.0000,0.0000,0.0000,
95598, 1479,91,1479,3.12572e+09,78.51,28.51,146,196,0.0000,0.0066,0.0000,0.0024,0.0000,0.0000,0.0000,0.0000,0.0000,
96550, 61,90,1479,3.14525e+09,80.86,30.86,155,203,0.0000,0.0060,0.0000,0.0024,0.0000,0.0000,0.0000,0.0000,0.0000,
97457, 63,92,1479,3.23305e+09,81.24,31.24,165,210,0.0000,0.0051,0.0000,0.0022,0.0000,0.0000,0.0000,0.0000,0.0000,
98407, 62,91,1479,3.26504e+09,82.98,32.98,174,217,0.0000,0.0127,0.0000,0.0021,0.0000,0.0000,0.0000,0.0000,0.0000,
99316, 62,91,1479,3.28997e+09,83.87,33.87,181,224,0.0000,0.0115,0.0000,0.0020,0.0000,0.0000,0.0000,0.0000,0.0000,
100241, 62,90,1479,3.29748e+09,85.22,35.22,186,231,0.0000,0.0107,0.0000,0.0018,0.0000,0.0000,0.0000,0.0000,0.0000,
101169, 63,89,1479,3.31397e+09,86.38,36.38,194,238,0.0000,0.0097,0.0000,0.0017,0.0000,0.0000,0.0000,0.0000,0.0000,
102153, 85,88,1479,3.33634e+09,87.55,37.55,205,245,0.0000,0.0136,0.0000,0.0017,0.0000,0.0000,0.0000,0.0000,0.0000,
103114, 61,87,1479,3.3668e+09,88.73,38.73,216,252,0.0000,0.0197,0.0023,0.0016,0.0000,0.0000,0.0000,0.0000,0.0000,
104065, 63,87,1479,3.40886e+09,89.66,39.66,230,259,0.0000,0.0189,0.0022,0.0015,0.0000,0.0000,0.0000,0.0000,0.0000,
105008, 62,86,1479,3.42131e+09,91.05,41.05,234,266,0.0399,0.0175,0.0036,0.0014,0.0000,0.0000,0.0000,0.0000,0.0000,
105968, 63,86,1479,3.43096e+09,91.99,41.99,242,273,0.0368,0.0225,0.0033,0.0014,0.0000,0.0000,0.0000,0.0000,0.0000,
106909, 61,85,1479,3.43951e+09,93.39,43.39,252,280,0.0342,0.0212,0.0031,0.0051,0.0000,0.0000,0.0000,0.0000,0.0000,
107859, 62,84,1479,3.44992e+09,94.6,44.6,259,287,0.0289,0.0193,0.0044,0.0048,0.0000,0.0000,0.0000,0.5294,0.0000,
108793, 66,86,1479,3.49511e+09,95.04,45.04,271,294,0.0255,0.0203,0.0042,0.0046,0.0000,0.0000,0.0000,0.5036,0.0000,
109934, 242,88,1479,3.56615e+09,96.06,46.06,277,301,0.0531,0.0187,0.0055,0.0043,0.0000,0.0000,0.0000,0.4730,0.0000,
110910, 155,88,1479,3.61029e+09,97.58,47.58,287,308,0.0453,0.0178,0.0052,0.0059,0.0000,0.0000,0.0000,0.4466,0.0000,
111834, 51,87,1479,3.62666e+09,98.96,48.96,296,315,0.0410,0.0225,0.0049,0.0056,0.0000,0.0000,0.0000,0.4251,0.0000,
112786, 53,87,1479,3.63396e+09,99.89,49.89,303,322,0.0608,0.0205,0.0055,0.0054,0.0000,0.0000,0.0000,0.4065,0.0000,
113715, 67,87,1479,3.65338e+09,100,50,309,329,0.0581,0.0188,0.0051,0.0049,0.0000,0.0000,0.0000,0.3806,0.0000,
114635, 61,86,1479,3.66837e+09,100,50,322,336,0.0544,0.0182,0.0048,0.0046,0.0000,0.0000,0.0000,0.3625,0.0000,
115536, 115,86,1479,3.68033e+09,100,50,329,342,0.0576,0.0168,0.0045,0.0044,0.0000,0.0000,0.0000,0.3447,0.0000,
116476, 64,86,1479,3.68884e+09,100,50,338,348,0.0528,0.0159,0.0042,0.0043,0.0000,0.0000,0.0000,0.3292,0.0000,
117590, 290,87,1479,3.74203e+09,100,50,346,355,0.0476,0.0198,0.0049,0.0050,0.0000,0.0000,0.0000,0.3137,0.0000,
118521, 64,86,1479,3.77e+09,100,50,355,362,0.0449,0.0185,0.0047,0.0047,0.0000,0.0000,0.0000,0.3010,0.0000,
119481, 62,86,1479,3.77923e+09,100,50,362,369,0.0433,0.0203,0.0044,0.0055,0.0000,0.0000,0.0000,0.2890,0.0000,
120396, 64,83,1479,3.78696e+09,100,50,369,376,0.0588,0.0206,0.0056,0.0054,0.0000,0.0000,0.0000,0.2778,0.0000,
121313, 81,83,1479,3.81245e+09,100,50,376,383,0.0557,0.0262,0.0053,0.0052,0.0000,0.0000,0.0000,0.2672,0.0000,
122245, 77,83,1479,3.84147e+09,100,50,383,390,0.0574,0.0243,0.0059,0.0049,0.0000,0.0000,0.0000,0.2571,0.0000,
123216, 83,82,1479,3.8542e+09,100,50,390,397,0.0545,0.0259,0.0056,0.0067,0.0000,0.0000,0.0000,1.4245,0.0000,
124144, 64,81,1479,3.87163e+09,100,50,397,404,0.0519,0.0250,0.0053,0.0065,0.0000,0.0000,0.0000,1.3471,0.0000,
125067, 63,82,1479,3.91807e+09,100,50,404,411,0.0494,0.0234,0.0051,0.0063,0.0000,0.0000,0.0000,1.2763,0.0000,
126015, 54,81,1479,3.92789e+09,100,50,411,418,0.0471,0.0241,0.0049,0.0061,0.0000,0.0000,0.0000,1.2112,0.0000,
126953, 61,81,1479,3.93457e+09,100,50,417,424,0.0458,0.0257,0.0051,0.0071,0.0000,0.0000,0.0000,1.1514,0.0000,
127892, 63,81,1479,3.94939e+09,100,50,423,430,0.0430,0.0242,0.0049,0.0068,0.0000,0.0000,0.0000,1.0961,0.0000,
128813, 61,81,1479,3.95714e+09,100,50,429,436,0.0477,0.0240,0.0059,0.0087,0.0000,0.0000,0.0000,1.1410,0.0000,
129720, 65,81,1479,3.99011e+09,100,50,436,443,0.0588,0.0246,0.0073,0.0084,0.0000,0.0000,0.0000,1.0868,0.0000,
130677, 62,81,1479,4.0001e+09,100,50,443,450,0.0541,0.0239,0.0072,0.0079,0.0000,0.0000,0.0000,1.0367,0.0000,
131583, 63,81,1479,4.00844e+09,100,50,450,457,0.0516,0.0236,0.0068,0.0077,0.0000,0.0000,0.0000,0.9903,0.0000,
132519, 64,80,1479,4.01527e+09,100,50,456,463,0.0658,0.0222,0.0066,0.0076,0.0000,0.0000,0.0000,0.9500,0.0000,
133478, 63,80,1479,4.02398e+09,100,50,463,470,0.0736,0.0232,0.0074,0.0074,0.0000,0.0000,0.0000,0.9126,0.0000,
134430, 62,79,1479,4.02586e+09,100,50,468,475,0.0701,0.0223,0.0071,0.0070,0.0000,0.0000,0.0000,0.8776,0.0000,
135331, 69,80,1479,4.03192e+09,100,50,475,482,0.0745,0.0239,0.0072,0.0066,0.0000,0.0000,0.0000,0.8449,0.0000,
136294, 72,80,1479,4.04265e+09,100,50,482,489,0.0692,0.0277,0.0070,0.0064,0.0000,0.0000,0.0000,0.8143,0.0000,
137250, 60,79,1479,4.0564e+09,100,50,489,496,0.0671,0.0281,0.0067,0.0062,0.0000,0.0000,0.0000,0.7855,0.0000,
138178, 65,79,1479,4.0646e+09,100,50,496,503,0.0696,0.0329,0.0067,0.0060,0.0000,0.0000,0.0000,0.7585,0.0000,
139120, 85,79,1479,4.0781e+09,100,50,503,510,0.0767,0.0312,0.0081,0.0058,0.0000,0.0000,0.0000,0.7330,0.0000,
140035, 60,79,1479,4.08753e+09,100,50,510,517,0.0712,0.0336,0.0091,0.0056,0.0000,0.0000,0.0000,0.7090,0.0000,
141013, 94,79,1479,4.06185e+09,100,50,517,524,0.0778,0.0326,0.0087,0.0054,0.0000,0.0000,0.0000,0.6864,0.0000,
141930, 129,76,1479,4.08059e+09,100,50,524,531,0.0735,0.0332,0.0085,0.0060,0.0000,0.0000,0.0000,0.6649,0.0000,
142856, 66,76,1479,4.09825e+09,100,50,531,538,0.0705,0.0319,0.0098,0.0065,0.0000,0.0000,0.0000,0.6446,0.0000,
144260, 587,76,1479,4.13707e+09,100,50,537,544,0.0677,0.0318,0.0103,0.0071,0.0000,0.0000,0.0000,0.6253,0.0000,
145206, 62,76,1479,4.15058e+09,100,50,544,551,0.0642,0.0310,0.0099,0.0070,0.0000,0.0000,0.0000,0.6071,0.0000,
146158, 64,77,1479,4.15796e+09,100,50,551,558,0.0650,0.0326,0.0095,0.0067,0.0000,0.0000,0.0000,0.5897,0.0000,
147094, 51,77,1479,4.18229e+09,100,50,558,565,0.0610,0.0336,0.0094,0.0060,0.0000,0.0000,0.0000,0.5732,0.0000,
148039, 63,77,1479,4.19467e+09,75.62,25.62,565,572,0.0660,0.0351,0.0091,0.0060,0.0000,0.0000,0.0000,0.5584,0.0000,
148945, 52,77,1479,4.19767e+09,95.85,45.85,517,573,0.0647,0.0398,0.0090,0.0059,0.0000,0.0000,0.0000,0.5508,0.0000,
151350, 2405,81,2405,4.20374e+09,95.04,45.04,488,571,0.0635,0.0390,0.0088,0.0059,0.0000,0.0000,0.0000,0.5435,0.0000,
152512, 429,82,2405,4.23552e+09,95.77,45.77,488,577,0.0713,0.0395,0.0094,0.0060,0.0000,0.0000,0.0000,0.5075,0.0000,
153460, 264,83,2405,4.25198e+09,95.89,45.89,484,584,0.0686,0.0402,0.0091,0.0058,0.0000,0.0000,0.0000,0.4954,0.0000,
154397, 129,83,2405,4.26061e+09,96.26,46.26,535,591,0.0713,0.0393,0.0097,0.0056,0.0000,0.0000,0.0000,0.4838,0.0000,
155339, 77,84,2405,4.28038e+09,96.17,46.17,549,598,0.0695,0.0390,0.0096,0.0054,0.0000,0.0000,0.0000,0.4727,0.0000,
156269, 56,84,2405,4.28995e+09,96.53,46.53,556,605,0.0764,0.0383,0.0094,0.0052,0.0000,0.0000,0.0000,0.4627,0.0000,
157178, 57,84,2405,4.32891e+09,96.69,46.69,565,612,0.0749,0.0376,0.0098,0.0050,0.0000,0.0000,0.0000,0.7231,0.0000,
158117, 83,85,2405,4.35621e+09,96.59,46.59,575,619,0.0785,0.0369,0.0097,0.0061,0.0000,0.0000,0.0000,0.7103,0.0000,
159141, 197,85,2405,4.36553e+09,96.94,46.94,585,626,0.0791,0.0381,0.0100,0.0058,0.0000,0.0000,0.0000,0.6978,0.0000,
160051, 61,82,2405,4.37243e+09,97.87,47.87,591,633,0.0786,0.0369,0.0099,0.0061,0.0000,0.0000,0.0000,0.6670,0.0000,
161016, 80,83,2405,4.40238e+09,97.19,47.19,597,639,0.0772,0.0351,0.0093,0.0058,0.0000,0.0000,0.0000,0.6602,0.0000,
161970, 72,83,2405,4.4107e+09,97.56,47.56,607,646,0.0760,0.0345,0.0092,0.0056,0.0000,0.0000,0.0000,0.6575,0.0000,
162928, 86,84,2405,4.42164e+09,97.47,47.47,614,653,0.0872,0.0351,0.0091,0.0055,0.0000,0.0000,0.0000,0.6508,0.0000,
163846, 55,83,2405,4.43092e+09,98.09,48.09,621,660,0.0892,0.0345,0.0089,0.0053,0.0000,0.0000,0.0000,0.6443,0.0000,
164801, 55,84,2405,4.439e+09,97.8,47.8,630,667,0.0876,0.0360,0.0091,0.0054,0.0000,0.0000,0.0000,0.6369,0.0000,
165704, 60,84,2405,4.44682e+09,98.16,48.16,637,674,0.0897,0.0348,0.0089,0.0053,0.0000,0.0000,0.0000,0.5066,0.0000,
166607, 62,84,2405,4.45833e+09,98.32,48.32,644,681,0.0909,0.0336,0.0087,0.0051,0.0000,0.0000,0.0000,0.5015,0.0000,
167532, 51,83,2405,4.46614e+09,98.74,48.74,656,688,0.0846,0.0360,0.0083,0.0053,0.0000,0.0000,0.0000,0.4957,0.0000,
168519, 119,83,2405,4.49477e+09,98.71,48.71,664,695,0.0884,0.0362,0.0086,0.0051,0.0000,0.0000,0.0000,0.4900,0.0000,
169481, 130,83,2405,4.50465e+09,98.88,48.88,676,702,0.0880,0.0342,0.0084,0.0051,0.0000,0.0000,0.0000,0.4844,0.0000,
170402, 312,84,2405,4.52864e+09,98.79,48.79,684,708,0.0832,0.0336,0.0081,0.0050,0.0000,0.0000,0.0000,0.4810,0.0000,
171362, 88,84,2405,4.54083e+09,99.15,49.15,688,714,0.0846,0.0329,0.0090,0.0048,0.0000,0.0000,0.0000,0.4757,0.0000,
172273, 54,85,2405,4.55355e+09,99.05,49.05,695,720,0.0831,0.0333,0.0089,0.0048,0.0000,0.0000,0.0000,0.4698,0.0000,
173223, 59,84,2405,4.5615e+09,99.66,49.66,703,727,0.0810,0.0327,0.0091,0.0047,0.0000,0.0000,0.0000,0.4654,0.0000,
174151, 56,85,2405,4.56902e+09,99.36,49.36,714,734,0.0797,0.0328,0.0089,0.0070,0.0000,0.0000,0.0000,0.4598,0.0000,
175066, 60,85,2405,4.58567e+09,99.71,49.71,722,741,0.0832,0.0318,0.0084,0.0069,0.0000,0.0000,0.0000,0.4550,0.0000,
176017, 89,85,2405,4.59803e+09,99.86,49.86,728,747,0.0844,0.0306,0.0082,0.0067,0.0000,0.0000,0.0000,0.3807,0.0000,
176954, 62,85,2405,4.60587e+09,100,50,741,754,0.0844,0.0297,0.0085,0.0070,0.0000,0.0000,0.0000,0.3778,0.0000,
177910, 57,85,2405,4.61757e+09,100,50,751,761,0.0806,0.0302,0.0083,0.0075,0.0000,0.0000,0.0000,0.3755,0.0000,
178817, 77,86,2405,4.62651e+09,99.75,49.75,757,767,0.0789,0.0295,0.0082,0.0086,0.0000,0.0000,0.0000,0.3962,0.0000,
179733, 180,86,2405,4.63352e+09,100,50,764,774,0.0774,0.0299,0.0076,0.0088,0.0000,0.0000,0.0000,0.3920,0.0000,
180658, 62,86,2405,4.65e+09,100,50,773,781,0.0811,0.0292,0.0079,0.0088,0.0000,0.0000,0.0000,0.1626,0.0000,
181627, 73,86,2405,4.67345e+09,100,50,781,788,0.0796,0.0288,0.0079,0.0084,0.0000,0.0000,0.0000,0.1284,0.0000,
182535, 58,87,2405,4.70719e+09,99.83,49.83,789,795,0.0803,0.0288,0.0077,0.0082,0.0000,0.0000,0.0000,0.1287,0.0000,
183484, 86,87,2405,4.7186e+09,100,50,796,802,0.0793,0.0290,0.0076,0.0079,0.0000,0.0000,0.0000,0.1290,0.0000,
184441, 65,88,2405,4.73798e+09,99.9,49.9,803,809,0.0787,0.0279,0.0073,0.0076,0.0000,0.0088,0.0000,0.1293,0.0000,
185353, 101,88,2405,4.7467e+09,100,50,810,816,0.0914,0.0286,0.0071,0.0084,0.0000,0.0085,0.0000,0.1294,0.0000,
186318, 77,89,2405,4.75338e+09,99.96,49.96,817,823,0.0944,0.0281,0.0070,0.0079,0.0000,0.0082,0.0000,0.1294,0.0000,
187263, 58,89,2405,4.76054e+09,100,50,823,829,0.0911,0.0278,0.0071,0.0078,0.0000,0.0080,0.0000,0.1154,0.0000,
188207, 56,89,2405,4.76622e+09,100,50,829,836,0.0885,0.0284,0.0074,0.0077,0.0000,0.0077,0.0000,0.1155,0.0000,
189133, 73,89,2405,4.77527e+09,100,50,835,842,0.0877,0.0286,0.0073,0.0074,0.0000,0.0075,0.0000,0.1155,0.0000,
190045, 51,89,2405,4.78616e+09,100,50,842,849,0.0821,0.0284,0.0076,0.0073,0.0000,0.0073,0.0000,0.1154,0.0000,
190956, 66,90,2405,4.79309e+09,100,50,848,855,0.0814,0.0273,0.0073,0.0072,0.0000,0.0071,0.0000,0.1154,0.0000,
191902, 86,90,2405,4.80075e+09,100,50,856,862,0.0872,0.0272,0.0072,0.0070,0.0000,0.0069,0.0000,0.1155,0.0000,
192859, 124,91,2405,4.80813e+09,99.95,49.95,863,869,0.0868,0.0272,0.0071,0.0068,0.0000,0.0067,0.0000,0.1156,0.0000,
193842, 98,92,2405,4.8241e+09,99.98,49.98,869,876,0.0846,0.0280,0.0070,0.0088,0.0000,0.0065,0.0000,0.1149,0.0000,
194819, 123,92,2405,4.8154e+09,100,50,875,883,0.0832,0.0269,0.0069,0.0094,0.0000,0.0064,0.0000,0.1143,0.0000,
195741, 99,93,2405,4.82131e+09,100,50,882,890,0.0793,0.0259,0.0067,0.0091,0.0000,0.0062,0.0000,0.1136,0.0264,
196673, 75,94,2405,4.82818e+09,100,50,889,897,0.0788,0.0270,0.0062,0.0091,0.0000,0.0061,0.0000,1.1327,0.0262,
197577, 93,94,2405,4.83774e+09,100,50,896,904,0.0776,0.0262,0.0060,0.0088,0.0000,0.0059,0.0000,1.0976,0.0260,
198573, 102,94,2405,4.85052e+09,100,50,903,908,0.0822,0.0275,0.0061,0.0090,0.0000,0.0058,0.0000,1.0681,0.0259,
199509, 61,94,2405,4.85775e+09,100,50,908,912,0.0843,0.0266,0.0060,0.0088,0.0478,0.0057,0.0000,1.0401,0.0258,
200461, 74,95,2405,4.86289e+09,99.95,49.95,912,915,0.0862,0.0271,0.0055,0.0083,0.0468,0.0056,0.0000,1.0135,0.0257,
201423, 261,94,2405,4.82454e+09,100,50,916,919,0.0830,0.0268,0.0052,0.0080,0.0457,0.0054,0.0000,0.9881,0.0256,
202355, 208,95,2405,4.83265e+09,100,50,919,923,0.0859,0.0281,0.0055,0.0078,0.0448,0.0053,0.0000,0.9640,0.0255,
203388, 215,96,2405,4.83948e+09,99.99,49.99,923,927,0.0854,0.0280,0.0054,0.0075,0.0438,0.0052,0.0000,0.9409,0.0253,
204401, 212,97,2405,4.85139e+09,99.97,49.97,927,931,0.0867,0.0290,0.0053,0.0074,0.0429,0.0051,0.0000,0.9189,0.0252,
205414, 262,97,2405,4.85972e+09,100,50,930,935,0.0872,0.0280,0.0055,0.0073,0.0421,0.0050,0.0000,0.8727,0.0251,
206388, 183,98,2405,4.86778e+09,99.94,49.94,933,939,0.0868,0.0268,0.0054,0.0071,0.0413,0.0049,0.0000,0.8853,0.0250,
207424, 176,99,2405,4.88225e+09,99.9,49.9,937,943,0.0859,0.0296,0.0056,0.0071,0.0405,0.0048,0.0000,1.0142,0.1246,
208362, 75,100,2405,4.89347e+09,99.85,49.85,939,945,0.0848,0.0285,0.0054,0.0071,0.0397,0.0047,0.0000,0.9979,0.1180,
209326, 94,94,2405,4.90059e+09,100,50,941,949,0.0845,0.0276,0.0058,0.0073,0.0390,0.0046,0.0000,1.0011,0.1121,
210249, 95,94,2405,4.90598e+09,100,50,945,953,0.0843,0.0276,0.0059,0.0072,0.0383,0.0046,0.0000,0.9738,0.1068,
211174, 87,94,2405,4.91559e+09,100,50,950,957,0.0847,0.0268,0.0058,0.0073,0.0376,0.0045,0.0000,0.9482,0.1020,
212158, 108,94,2405,4.92008e+09,100,50,954,960,0.0821,0.0266,0.0058,0.0072,0.0369,0.0044,0.0000,0.9231,0.0977,
213063, 82,94,2405,4.92512e+09,100,50,959,964,0.0841,0.0256,0.0056,0.0072,0.0363,0.0090,0.0000,0.7301,0.0938,
213974, 138,94,2405,4.93321e+09,100,50,963,967,0.0861,0.0259,0.0056,0.0070,0.0357,0.0089,0.0000,0.7090,0.0903,
215037, 166,95,2405,4.94727e+09,100,50,968,971,0.0854,0.0263,0.0058,0.0070,0.0351,0.0089,0.0000,0.6890,0.0870,
215939, 51,95,2405,4.95812e+09,100,50,972,975,0.0882,0.0263,0.0060,0.0066,0.0351,0.0089,0.0000,0.6820,0.0841,
216903, 97,95,2405,4.9663e+09,100,50,976,979,0.0915,0.0265,0.0062,0.0066,0.0351,0.0089,0.0000,0.6639,0.0814,
217845, 52,95,2405,4.97068e+09,100,50,980,983,0.0910,0.0266,0.0063,0.0065,0.0351,0.0089,0.0000,0.6467,0.0788,
218859, 202,95,2405,4.97754e+09,100,50,984,987,0.0864,0.0265,0.0061,0.0065,0.0351,0.0089,0.0000,0.6872,0.0765,
219799, 129,95,2405,4.98326e+09,100,50,988,991,0.0852,0.0274,0.0063,0.0069,0.0351,0.0089,0.0000,0.6784,0.0743,
220724, 92,95,2405,4.98952e+09,100,50,992,995,0.0848,0.0271,0.0063,0.0067,0.0351,0.0089,0.0000,0.6700,0.0723,
221702, 143,96,2405,4.99594e+09,100,50,996,999,0.0851,0.0280,0.0061,0.0067,0.0351,0.0089,0.0000,0.6621,0.0704,
222645, 65,96,2405,5.00529e+09,100,50,1000,1003,0.0806,0.0280,0.0061,0.0066,0.0351,0.0089,0.0000,0.6546,0.0686,
223614, 95,97,2405,5.01701e+09,100,50,1004,1007,0.0923,0.0265,0.0060,0.0069,0.0351,0.0089,0.0000,0.6707,0.0669,
224541, 62,97,2405,5.02558e+09,100,50,1008,1011,0.0895,0.0270,0.0059,0.0068,0.0351,0.0089,0.0000,0.6645,0.0654,
225527, 165,97,2405,5.03439e+09,100,50,1012,1015,0.0864,0.0276,0.0059,0.0068,0.0351,0.0089,0.0000,0.6578,0.0639,
226487, 140,98,2405,5.03786e+09,99.97,49.97,1016,1019,0.0902,0.0277,0.0061,0.0068,0.0351,0.0089,0.0000,0.6515,0.0625,
227409, 53,98,2405,5.04176e+09,100,50,1019,1023,0.0876,0.0280,0.0057,0.0067,0.0351,0.0089,0.0000,0.3471,0.0612,
228414, 141,98,2405,5.0526e+09,100,50,1023,1027,0.0926,0.0272,0.0056,0.0067,0.0351,0.0089,0.0000,0.3424,0.0599,
229326, 82,98,2405,5.05796e+09,100,50,1027,1031,0.0917,0.0276,0.0054,0.0067,0.0351,0.0089,0.0000,0.3607,0.0587,
230306, 103,98,2405,5.06211e+09,100,50,1031,1035,0.0895,0.0274,0.0055,0.0064,0.0351,0.0089,0.0000,0.3563,0.0576,
231248, 166,98,2405,5.0664e+09,100,50,1034,1038,0.0905,0.0277,0.0055,0.0061,0.0351,0.0089,0.0000,0.3521,0.0565,
232224, 127,99,2405,5.07399e+09,99.93,49.93,1039,1042,0.0893,0.0275,0.0061,0.0061,0.0351,0.0089,0.0000,0.3818,0.0555,
233128, 167,99,2405,5.08226e+09,100,50,1042,1046,0.0884,0.0277,0.0059,0.0055,0.0351,0.0089,0.0000,0.3890,0.0545,
234069, 80,100,2405,5.08791e+09,99.88,49.88,1044,1049,0.0893,0.0275,0.0056,0.0051,0.0351,0.0089,0.0000,0.3851,0.0535,
235042, 118,100,2405,5.09266e+09,100,50,1047,1053,0.0896,0.0266,0.0059,0.0048,0.0351,0.0089,0.0000,0.3702,0.0526,
236044, 155,100,2405,5.09789e+09,100,50,1050,1057,0.0882,0.0264,0.0058,0.0048,0.0351,0.0089,0.0000,0.3666,0.0518,
237104, 193,100,2405,5.10117e+09,100,50,1053,1060,0.0839,0.0258,0.0056,0.0045,0.0351,0.0089,0.0000,0.3631,0.0509,
238059, 137,101,2405,5.10893e+09,99.82,49.82,1058,1064,0.0860,0.0256,0.0056,0.0045,0.0351,0.0089,0.0000,0.3708,0.0501,
238983, 154,101,2405,5.1132e+09,100,50,1062,1068,0.0845,0.0255,0.0056,0.0045,0.0351,0.0089,0.0000,0.3675,0.0494,
239935, 101,101,2405,5.11718e+09,100,50,1067,1072,0.0839,0.0266,0.0056,0.0045,0.0351,0.0089,0.0000,0.4627,0.0486,
240836, 130,102,2405,5.12036e+09,99.75,49.75,1071,1075,0.0846,0.0272,0.0056,0.0045,0.0351,0.0046,0.0000,1.5387,0.0479,
241744, 126,102,2405,5.12419e+09,99.93,49.93,1071,1079,0.0784,0.0266,0.0058,0.0041,0.0351,0.0046,0.0000,1.5085,0.0472,
242788, 148,102,2405,5.13234e+09,99.91,49.91,1075,1083,0.0744,0.0272,0.0055,0.0044,0.0351,0.0046,0.0000,1.4798,0.0466,
243726, 108,103,2405,5.1572e+09,99.63,49.63,1077,1086,0.0749,0.0262,0.0054,0.0043,0.0351,0.0046,0.0000,1.4629,0.0459,
244677, 280,104,2405,5.1678e+09,99.54,49.54,1081,1090,0.0777,0.0252,0.0050,0.0043,0.0351,0.0046,0.0000,1.4366,0.0453,
245646, 225,105,349,5.1734e+09,99.44,49.44,1083,1094,0.0788,0.0251,0.0051,0.0043,0.0351,0.0046,0.0000,1.4117,0.0447,
246671, 184,105,349,5.17928e+09,99.59,49.59,1080,1098,0.0796,0.0252,0.0048,0.0043,0.0351,0.0046,0.0000,1.3877,0.0442,
247715, 183,105,349,5.18139e+09,99.54,49.54,1080,1101,0.0813,0.0253,0.0048,0.0046,0.0351,0.0046,0.0000,1.3646,0.0436,
248666, 175,105,349,5.18139e+09,99.49,49.49,1081,1105,0.0809,0.0257,0.0048,0.0046,0.0351,0.0046,0.0000,1.3424,0.0431,
249681, 190,106,349,5.18449e+09,99.18,49.18,1082,1108,0.0825,0.0252,0.0048,0.0046,0.0351,0.0046,0.0000,1.3209,0.0425,
250688, 125,106,349,5.1884e+09,99.32,49.32,1085,1112,0.0818,0.0247,0.0048,0.0040,0.0351,0.0046,0.0000,1.3013,0.0421,
251682, 120,107,349,5.19197e+09,99,49,1085,1116,0.0847,0.0247,0.0048,0.0035,0.0351,0.0046,0.0000,1.2852,0.0420,
252702, 172,107,349,5.19691e+09,99.13,49.13,1081,1120,0.0837,0.0249,0.0050,0.0037,0.0351,0.0046,0.0000,1.2663,0.0209,
253680, 118,107,349,5.20239e+09,99.06,49.06,1082,1123,0.0829,0.0241,0.0049,0.0036,0.0351,0.0046,0.0000,0.7471,0.0209,
254708, 170,108,349,5.19372e+09,98.73,48.73,1085,1127,0.0841,0.0234,0.0049,0.0036,0.0351,0.0046,0.0000,0.7311,0.0208,
255711, 124,108,349,5.1986e+09,98.85,48.85,1084,1131,0.0783,0.0226,0.0050,0.0041,0.0351,0.0046,0.0000,0.7286,0.0207,
256645, 104,108,349,5.20308e+09,98.77,48.77,1086,1135,0.0759,0.0232,0.0050,0.0040,0.0000,0.0046,0.0000,0.7261,0.0207,
257658, 128,109,349,5.21094e+09,98.43,48.43,1089,1139,0.0812,0.0230,0.0050,0.0040,0.0000,0.0046,0.0000,0.7236,0.0206,
258613, 63,109,349,5.21544e+09,98.54,48.54,1090,1141,0.0815,0.0230,0.0053,0.0040,0.0000,0.0046,0.0000,0.7211,0.0205,
259718, 328,109,349,5.2319e+09,98.45,48.45,1091,1144,0.0811,0.0226,0.0050,0.0039,0.0000,0.0046,0.0000,0.7186,0.0204,
260642, 61,110,349,5.23656e+09,98.1,48.1,1087,1148,0.0821,0.0227,0.0052,0.0040,0.0000,0.0046,0.0000,0.7162,0.0204,
261588, 51,109,349,5.23212e+09,98.46,48.46,1090,1152,0.0792,0.0223,0.0051,0.0039,0.0000,0.0046,0.0000,0.7138,0.0203,
262502, 227,110,429,5.24964e+09,97.91,47.91,1089,1156,0.0784,0.0224,0.0050,0.0039,0.0000,0.0046,0.0000,0.7114,0.0202,
263435, 187,111,429,5.25648e+09,97.75,47.75,1092,1160,0.0770,0.0228,0.0051,0.0039,0.0000,0.0046,0.0000,0.6989,0.0202,
264450, 130,111,429,5.25997e+09,97.84,47.84,1090,1164,0.0763,0.0216,0.0052,0.0043,0.0000,0.0046,0.0000,0.6664,0.0000,
265449, 206,112,429,5.28303e+09,97.47,47.47,1088,1168,0.0736,0.0225,0.0051,0.0041,0.0000,0.0046,0.0000,0.6642,0.0000,
266440, 186,112,429,5.28645e+09,97.55,47.55,1086,1172,0.0759,0.0226,0.0049,0.0039,0.0000,0.0046,0.0000,0.6520,0.0000,
267443, 139,113,429,5.29506e+09,97.17,47.17,1084,1175,0.0709,0.0224,0.0046,0.0039,0.0000,0.0046,0.0000,0.6498,0.0000,
268674, 331,113,429,5.31011e+09,97.24,47.24,1086,1179,0.0725,0.0231,0.0045,0.0036,0.0000,0.0046,0.0000,0.6477,0.0000,
269597, 143,114,429,5.31566e+09,96.85,46.85,1076,1183,0.0719,0.0230,0.0045,0.0036,0.0000,0.0046,0.0000,0.6455,0.0000,
270797, 320,115,429,5.33402e+09,96.65,46.65,1071,1187,0.0728,0.0230,0.0048,0.0036,0.0000,0.0000,0.0000,0.6346,0.0000,
271734, 380,116,557,5.36392e+09,96.44,46.44,1070,1191,0.0694,0.0223,0.0050,0.0037,0.0000,0.0000,0.0000,0.6346,0.0000,
272775, 159,116,557,5.36954e+09,96.48,46.48,1063,1195,0.0717,0.0230,0.0048,0.0040,0.0000,0.0000,0.0000,0.6341,0.0000,
273716, 170,117,557,5.37522e+09,96.06,46.06,1056,1198,0.0699,0.0236,0.0045,0.0040,0.0000,0.0000,0.0000,0.6320,0.0000,
274802, 277,117,557,5.3946e+09,96.09,46.09,1045,1202,0.0697,0.0233,0.0045,0.0040,0.0000,0.0000,0.0000,0.6300,0.0000,
275710, 60,117,557,5.39843e+09,95.92,45.92,1034,1206,0.0721,0.0235,0.0047,0.0047,0.0000,0.0000,0.0000,0.6279,0.0000,
276735, 154,118,557,5.40205e+09,95.49,45.49,1037,1210,0.0727,0.0234,0.0048,0.0048,0.0000,0.0000,0.0000,0.6259,0.0000,
277889, 283,117,557,5.419e+09,95.77,45.77,1035,1214,0.0753,0.0239,0.0052,0.0045,0.0000,0.0000,0.0000,0.6238,0.0000,
278790, 136,117,557,5.42215e+09,95.4,45.4,1016,1216,0.0755,0.0234,0.0050,0.0045,0.0000,0.0000,0.0000,0.6218,0.0000,
279776, 155,118,557,5.42559e+09,94.97,44.97,1020,1220,0.0780,0.0225,0.0051,0.0044,0.0000,0.0019,0.0000,0.6198,0.0000,
280714, 124,118,557,5.42805e+09,94.99,44.99,1024,1224,0.0801,0.0225,0.0050,0.0044,0.0000,0.0019,0.0000,0.6178,0.0000,
281663, 65,119,557,5.43264e+09,94.55,44.55,1022,1228,0.0785,0.0221,0.0050,0.0039,0.0000,0.0019,0.0000,0.5967,0.0000,
282564, 64,119,557,5.43631e+09,94.56,44.56,1005,1232,0.0810,0.0215,0.0048,0.0039,0.0000,0.0019,0.0000,0.6099,0.0000,
283508, 95,120,557,5.44043e+09,94.11,44.11,995,1236,0.0816,0.0224,0.0048,0.0039,0.0000,0.0019,0.0000,0.6076,0.0000,
284453, 63,120,557,5.4449e+09,94.11,44.11,980,1238,0.0829,0.0224,0.0046,0.0038,0.0000,0.0019,0.0000,0.6053,0.0000,
285380, 74,120,557,5.4486e+09,93.91,43.91,982,1242,0.0842,0.0221,0.0048,0.0040,0.0000,0.0019,0.0000,0.8506,0.0000,
286372, 162,120,557,5.45238e+09,93.71,43.71,976,1246,0.0788,0.0221,0.0049,0.0039,0.0000,0.0019,0.0000,0.8499,0.0000,
287333, 142,120,557,5.45642e+09,93.51,43.51,968,1250,0.0796,0.0220,0.0048,0.0042,0.0000,0.0019,0.0000,0.8215,0.0000,
288255, 95,120,557,5.46014e+09,93.31,43.31,962,1254,0.0800,0.0236,0.0047,0.0044,0.0000,0.0019,0.0000,0.8215,0.0000,
289222, 127,121,557,5.46387e+09,92.85,42.85,951,1258,0.0799,0.0231,0.0047,0.0047,0.0000,0.0019,0.0000,0.8209,0.0095,
290228, 199,121,557,5.48582e+09,92.84,42.84,942,1260,0.0803,0.0237,0.0045,0.0047,0.0000,0.0019,0.0000,0.8189,0.0094,
291161, 190,122,557,5.49156e+09,92.37,42.37,931,1264,0.0804,0.0239,0.0045,0.0047,0.0000,0.0019,0.0000,0.8164,0.0094,
292240, 179,122,557,5.50015e+09,92.35,42.35,926,1268,0.0769,0.0238,0.0044,0.0046,0.0000,0.0019,0.0000,0.8138,0.0094,
293143, 122,123,557,5.50367e+09,91.87,41.87,908,1272,0.0762,0.0241,0.0042,0.0052,0.0000,0.0019,0.0000,0.8019,0.0093,
294055, 136,123,557,5.52329e+09,91.84,41.84,895,1276,0.0761,0.0285,0.0042,0.0050,0.0000,0.0019,0.0000,0.8007,0.0093,
295015, 181,124,557,5.56044e+09,91.35,41.35,882,1280,0.0800,0.0280,0.0041,0.0049,0.0000,0.0019,0.0000,0.7982,0.0093,
295926, 109,124,557,5.56706e+09,91.31,41.31,884,1284,0.0831,0.0277,0.0042,0.0049,0.0000,0.0019,0.0000,0.7957,0.0093,
296841, 86,124,557,5.57081e+09,91.07,41.07,876,1287,0.0829,0.0268,0.0043,0.0048,0.0000,0.0019,0.0000,0.7933,0.0092,
298048, 354,124,557,5.58661e+09,90.83,40.83,871,1291,0.0854,0.0265,0.0042,0.0051,0.0000,0.0019,0.0000,0.7079,0.0092,
298971, 64,125,557,5.5919e+09,90.33,40.33,880,1294,0.0852,0.0252,0.0044,0.0051,0.0000,0.0019,0.0000,0.0309,0.0092,
299949, 142,125,557,5.59359e+09,90.28,40.28,888,1296,0.0850,0.0251,0.0046,0.0050,0.0000,0.0019,0.0000,0.0304,0.0092,
300863, 65,125,557,5.59687e+09,90.03,40.03,880,1300,0.0848,0.0244,0.0046,0.0048,0.0000,0.0019,0.0000,0.0299,0.0092,
301939, 211,126,557,5.61317e+09,89.52,39.52,867,1304,0.0857,0.0246,0.0045,0.0049,0.0000,0.0019,0.0000,0.0294,0.0092,
302936, 121,126,557,5.61606e+09,89.46,39.46,856,1308,0.0828,0.0251,0.0045,0.0053,0.0000,0.0019,0.0000,0.0289,0.0092,
304006, 207,127,557,5.63087e+09,88.94,38.94,825,1311,0.0857,0.0249,0.0045,0.0055,0.0000,0.0019,0.0000,-0.2186,0.0092,
305055, 226,127,557,5.63399e+09,88.87,38.87,801,1315,0.0861,0.0247,0.0045,0.0054,0.0000,0.0019,0.0000,-0.2190,0.0092,
306073, 154,127,557,5.63759e+09,88.6,38.6,787,1319,0.0859,0.0246,0.0046,0.0052,0.0000,0.0019,0.0000,-0.2194,0.0092,
307049, 135,127,557,5.65107e+09,88.33,38.33,752,1323,0.0828,0.0246,0.0047,0.0051,0.0000,0.0019,0.0000,-0.2198,0.0092,
307971, 97,127,557,5.65866e+09,88.06,38.06,723,1327,0.0808,0.0250,0.0047,0.0051,0.0000,0.0019,0.0000,-0.2195,0.0091,
308939, 139,127,557,5.66172e+09,87.79,37.79,716,1331,0.0804,0.0254,0.0047,0.0051,0.0000,0.0019,0.0000,-0.2191,0.0091,
309905, 306,128,557,5.67657e+09,87.26,37.26,699,1334,0.0765,0.0255,0.0049,0.0058,0.0000,0.0019,0.0000,-0.2190,0.0091,
310917, 137,128,557,5.69265e+09,87.18,37.18,709,1338,0.0786,0.0264,0.0050,0.0056,0.0000,0.0019,0.0000,-0.2186,0.0090,
311842, 108,129,557,5.6947e+09,86.64,36.64,712,1341,0.0780,0.0262,0.0049,0.0055,0.0000,0.0019,0.0000,-0.2184,0.0090,
312809, 110,129,557,5.70068e+09,86.55,36.55,712,1345,0.0772,0.0262,0.0049,0.0058,0.0000,0.0019,0.0000,-0.2178,0.0090,
313785, 137,130,557,5.70359e+09,86,36,713,1349,0.0770,0.0262,0.0049,0.0058,0.0000,0.0019,0.0000,-0.2173,0.0090,
314737, 144,130,557,5.69064e+09,85.9,35.9,706,1353,0.0765,0.0261,0.0049,0.0060,0.0000,0.0019,0.0000,-0.2168,0.0090,
315689, 58,131,557,5.694e+09,85.34,35.34,690,1357,0.0748,0.0257,0.0050,0.0059,0.0000,0.0019,0.0000,-0.2168,0.0090,
316617, 113,130,557,5.69865e+09,85.49,35.49,663,1361,0.0737,0.0256,0.0050,0.0059,0.0000,0.0019,0.0000,-0.2163,0.0089,
317551, 65,130,557,5.70228e+09,84.99,34.99,601,1364,0.0760,0.0256,0.0050,0.0063,0.0000,0.0019,0.0000,-0.2163,0.0089,
318515, 64,130,557,5.70421e+09,84.69,34.69,572,1368,0.0759,0.0265,0.0049,0.0063,0.0000,0.0019,0.0000,-0.2162,0.0089,
319426, 51,130,557,5.70785e+09,84.39,34.39,545,1372,0.0753,0.0265,0.0049,0.0063,0.0000,0.0019,0.0000,-0.2160,0.0089,
320383, 60,129,557,5.71034e+09,84.35,34.35,543,1376,0.0760,0.0261,0.0049,0.0063,0.0000,0.0019,0.0000,-0.2158,0.0089,
321285, 56,127,557,5.70969e+09,84.38,34.38,542,1380,0.0760,0.0260,0.0048,0.0063,0.0000,0.0019,0.0000,-0.2155,0.0089,
322202, 154,127,557,5.71761e+09,83.71,33.71,525,1383,0.0759,0.0260,0.0047,0.0062,0.0000,0.0019,0.0000,-0.2154,0.0089,
323164, 120,126,557,5.72135e+09,83.7,33.7,519,1387,0.0764,0.0260,0.0047,0.0062,0.0000,0.0019,0.0000,-0.2154,0.0089,
324121, 78,126,557,5.72466e+09,83.24,33.24,501,1389,0.0779,0.0259,0.0047,0.0065,0.0000,0.0019,0.0000,-0.2149,0.0089,
325060, 52,125,557,5.72688e+09,83.24,33.24,478,1393,0.0779,0.0254,0.0046,0.0064,0.0000,0.0019,0.0000,-0.2142,0.0089,
326010, 95,125,557,5.73015e+09,82.79,32.79,474,1397,0.0778,0.0253,0.0046,0.0066,0.0000,0.0019,0.0000,-0.2136,0.0088,
329126, 2571,128,2571,5.73341e+09,81.76,31.76,474,1401,0.0780,0.0252,0.0051,0.0067,0.0000,0.0019,0.0000,-0.2133,0.0088,
330127, 270,130,2571,5.73579e+09,81.56,31.56,489,1405,0.0834,0.0254,0.0052,0.0067,0.0000,0.0019,0.0000,-0.2128,0.0088,
331071, 131,130,2571,5.73878e+09,81.66,31.66,484,1409,0.0831,0.0252,0.0050,0.0064,0.0000,0.0019,0.0000,-0.2039,0.0088,
332020, 63,129,2571,5.74435e+09,81.62,31.62,458,1413,0.0807,0.0255,0.0050,0.0063,0.0000,0.0019,0.0000,-0.2039,0.0088,
332938, 50,128,2571,5.74657e+09,81.39,31.39,457,1416,0.0821,0.0260,0.0050,0.0063,0.0000,0.0019,0.0000,-0.2039,0.0088,
333869, 63,127,2571,5.74907e+09,81.17,31.17,457,1420,0.0819,0.0262,0.0049,0.0062,0.0000,0.0019,0.0000,-0.1948,0.0088,
335570, 1303,130,2571,5.75206e+09,79.92,29.92,430,1424,0.0825,0.0265,0.0049,0.0058,0.0000,0.0019,0.0000,-0.1948,0.0088,
337638, 1243,132,2571,5.75914e+09,79.7,29.7,424,1428,0.0837,0.0265,0.0051,0.0062,0.0000,0.0019,0.0000,-0.1947,0.0088,
338550, 63,132,2571,5.76287e+09,79.78,29.78,397,1432,0.0835,0.0268,0.0051,0.0061,0.0000,0.0019,0.0000,-0.1947,0.0088,
342974, 3557,136,3557,5.7667e+09,78.42,28.42,398,1436,0.0834,0.0265,0.0051,0.0061,0.0000,0.0019,0.0000,-0.1947,0.0088,
355302, 12328,157,12328,5.77185e+09,73.4,23.4,302,1439,0.0817,0.0265,0.0051,0.0063,0.0000,0.0019,0.0000,-0.1684,0.0088,
356290, 150,158,12328,5.77726e+09,76.77,26.77,201,1442,0.0830,0.0265,0.0051,0.0063,0.0000,0.0019,0.0000,-0.1684,0.0088,
357244, 64,156,12328,5.77951e+09,76.91,26.91,201,1446,0.0814,0.0265,0.0051,0.0063,0.0000,0.0019,0.0000,-0.1682,0.0088,
358189, 50,154,12328,5.78249e+09,76.47,26.47,203,1449,0.0813,0.0265,0.0051,0.0063,0.0000,0.0019,0.0000,-0.1681,0.0088,
359118, 63,153,12328,5.78478e+09,75.79,25.79,204,1453,0.0826,0.0265,0.0052,0.0062,0.0000,0.0019,0.0000,-0.1679,0.0087,
360034, 51,151,12328,5.78939e+09,75.58,25.58,206,1457,0.0817,0.0265,0.0052,0.0062,0.0000,0.0019,0.0000,-0.1679,0.0087,
360946, 68,148,12328,5.79049e+09,75.45,25.45,245,1461,0.0828,0.0264,0.0052,0.0062,0.0000,0.0019,0.0000,-0.1676,0.0087,
361871, 63,146,12328,5.79455e+09,74.89,24.89,249,1465,0.0827,0.0264,0.0052,0.0062,0.0000,0.0019,0.0000,-0.1675,0.0087,
362814, 61,145,12328,5.79566e+09,74.29,24.29,249,1467,0.0841,0.0261,0.0052,0.0062,0.0000,0.0019,0.0000,-0.1675,0.0087,
363739, 63,142,12328,5.797e+09,74.42,24.42,248,1470,0.0838,0.0261,0.0052,0.0058,0.0000,0.0019,0.0000,-0.1675,0.0087,
364676, 63,140,12328,5.79941e+09,73.92,23.92,248,1474,0.0830,0.0266,0.0052,0.0058,0.0000,0.0019,0.0000,-0.1675,0.0087,
365665, 148,140,12328,5.80232e+09,73.12,23.12,248,1478,0.0830,0.0266,0.0052,0.0058,0.0000,0.0019,0.0000,-0.1675,0.0087,
366586, 51,139,12328,5.80529e+09,72.98,22.98,127,1482,0.0830,0.0264,0.0052,0.0058,0.0000,0.0019,0.0000,-0.1673,0.0087,
367496, 62,138,12328,5.80626e+09,72.65,22.65,127,1484,0.0830,0.0264,0.0052,0.0057,0.0000,0.0019,0.0000,-0.1673,0.0087,
368440, 62,137,12328,5.80832e+09,72.33,22.33,127,1487,0.0830,0.0264,0.0052,0.0057,0.0000,0.0019,0.0000,-0.1673,0.0087,
369346, 51,136,12328,5.81106e+09,72.02,22.02,127,1491,0.0830,0.0262,0.0052,0.0057,0.0000,0.0019,0.0000,-0.1669,0.0087,
370268, 51,135,12328,5.81366e+09,71.72,21.72,130,1495,0.0846,0.0264,0.0052,0.0057,0.0000,0.0019,0.0000,-0.1668,0.0087,
371225, 77,133,12328,5.81616e+09,71.69,21.69,146,1498,0.0851,0.0262,0.0052,0.0057,0.0000,0.0019,0.0000,-0.1668,0.0087,
372179, 57,132,12328,5.81983e+09,71.22,21.22,147,1502,0.0845,0.0262,0.0052,0.0057,0.0000,0.0019,0.0000,-0.1666,0.0087,
373161, 83,130,12328,5.82165e+09,71.22,21.22,149,1506,0.0844,0.0267,0.0052,0.0057,0.0000,0.0019,0.0000,-0.1666,0.0087,
374096, 62,129,12328,5.81963e+09,70.78,20.78,148,1509,0.0832,0.0267,0.0051,0.0057,0.0000,0.0019,0.0000,-0.1665,0.0087,
375018, 52,127,12328,5.82018e+09,70.81,20.81,149,1513,0.0832,0.0265,0.0051,0.0056,0.0000,0.0019,0.0000,-0.1662,0.0087,
375930, 115,127,12328,5.82323e+09,70.14,20.14,137,1517,0.0815,0.0265,0.0051,0.0056,0.0000,0.0019,0.0000,-0.1660,0.0087,
376875, 64,127,12328,5.82599e+09,69.87,19.87,135,1520,0.0815,0.0265,0.0051,0.0056,0.0000,0.0019,0.0000,-0.1660,0.0087,
377800, 62,126,12328,5.82876e+09,69.86,19.86,134,1523,0.0815,0.0261,0.0051,0.0056,0.0000,0.0019,0.0000,-0.1659,0.0086,
378734, 60,124,12328,5.834e+09,69.92,19.92,135,1526,0.0815,0.0261,0.0051,0.0056,0.0000,0.0019,0.0000,-0.1659,0.0086,
379652, 64,123,12328,5.83877e+09,69.54,19.54,135,1529,0.0815,0.0261,0.0051,0.0056,0.0000,0.0019,0.0000,-0.1658,0.0086,
380602, 63,123,12328,5.8417e+09,69.11,19.11,134,1533,0.0815,0.0267,0.0051,0.0056,0.0000,0.0019,0.0000,-0.1657,0.0086,
381510, 63,122,12328,5.83746e+09,69.14,19.14,126,1536,0.0815,0.0264,0.0051,0.0056,0.0000,0.0019,0.0000,-0.1657,0.0086,
382469, 60,121,12328,5.83892e+09,68.98,18.98,126,1540,0.0815,0.0264,0.0051,0.0056,0.0000,0.0019,0.0000,-0.1657,0.0086,
383409, 57,119,12328,5.84072e+09,69.09,19.09,127,1544,0.0815,0.0264,0.0051,0.0056,0.0000,0.0019,0.0000,-0.1657,0.0086,
384365, 59,118,12328,5.84333e+09,68.76,18.76,127,1548,0.0815,0.0263,0.0051,0.0056,0.0000,0.0019,0.0000,-0.1656,0.0086,
385298, 85,117,12328,5.84897e+09,68.64,18.64,129,1551,0.0815,0.0263,0.0051,0.0056,0.0000,0.0019,0.0000,-0.1656,0.0086,
386278, 90,116,12328,5.86385e+09,68.53,18.53,127,1555,0.0815,0.0263,0.0052,0.0056,0.0000,0.0019,0.0000,-0.1656,0.0086,
387185, 60,116,12328,5.86878e+09,68.17,18.17,127,1559,0.0815,0.0263,0.0052,0.0055,0.0000,0.0019,0.0000,-0.1656,0.0086,
388097, 62,115,12328,5.87184e+09,68.27,18.27,128,1563,0.0815,0.0263,0.0051,0.0055,0.0000,0.0019,0.0000,-0.1656,0.0086,
389010, 63,115,12328,5.87375e+09,67.92,17.92,128,1566,0.0812,0.0266,0.0051,0.0053,0.0000,0.0019,0.0000,-0.1656,0.0086,
389942, 61,115,12328,5.87762e+09,67.77,17.77,129,1570,0.0812,0.0266,0.0051,0.0053,0.0000,0.0019,0.0000,-0.1656,0.0086,
390900, 115,115,12328,5.89318e+09,67.62,17.62,127,1573,0.0812,0.0266,0.0051,0.0053,0.0000,0.0019,0.0000,-0.1656,0.0086,
391818, 129,114,12328,5.89608e+09,67.73,17.73,127,1577,0.0812,0.0266,0.0051,0.0053,0.0000,0.0019,0.0000,-0.1656,0.0086,
392750, 58,114,12328,5.8969e+09,67.39,17.39,127,1581,0.0812,0.0266,0.0052,0.0053,0.0000,0.0019,0.0000,-0.1655,0.0086,
393674, 64,113,12328,5.89828e+09,67.51,17.51,128,1585,0.0812,0.0266,0.0052,0.0053,0.0000,0.0019,0.0000,-0.1655,0.0086,
394580, 62,114,12328,5.91201e+09,66.92,16.92,128,1589,0.0812,0.0266,0.0052,0.0053,0.0000,0.0019,0.0000,-0.1653,0.0086,
395516, 63,109,12328,5.91405e+09,68.28,18.28,127,1592,0.0812,0.0264,0.0052,0.0053,0.0000,0.0019,0.0000,-0.1652,0.0086,
396474, 63,108,12328,5.9167e+09,67.45,17.45,127,1595,0.0812,0.0264,0.0051,0.0055,0.0000,0.0019,0.0000,-0.1652,0.0086,
397457, 310,109,12328,5.9233e+09,66.91,16.91,127,1599,0.0812,0.0264,0.0051,0.0055,0.0000,0.0019,0.0000,-0.1652,0.0086,
398408, 64,109,12328,5.93033e+09,67.02,17.02,127,1603,0.0812,0.0264,0.0052,0.0055,0.0000,0.0019,0.0000,-0.1650,0.0086,
399360, 56,109,12328,5.93228e+09,66.93,16.93,129,1607,0.0827,0.0264,0.0052,0.0055,0.0000,0.0019,0.0000,-0.1650,0.0086,
400327, 104,103,12328,5.9358e+09,68.4,18.4,131,1611,0.0827,0.0267,0.0052,0.0055,0.0000,0.0019,0.0000,-0.1650,0.0086,
401269, 64,104,12328,5.95205e+09,66.91,16.91,129,1615,0.0815,0.0266,0.0052,0.0055,0.0000,0.0019,0.0000,-0.1649,0.0086,
402218, 55,78,12328,5.95514e+09,73.83,23.83,131,1618,0.0815,0.0266,0.0051,0.0055,0.0000,0.0019,0.0000,-0.1643,0.0086,
403148, 64,76,12328,5.95942e+09,69.37,19.37,138,1622,0.0815,0.0261,0.0051,0.0055,0.0000,0.0019,0.0000,-0.1643,0.0086,
404092, 62,77,12328,5.9634e+09,68.95,18.95,140,1626,0.0815,0.0261,0.0051,0.0055,0.0000,0.0019,0.0000,-0.1643,0.0086,
405018, 63,77,12328,5.96671e+09,69.38,19.38,140,1630,0.0815,0.0261,0.0050,0.0055,0.0000,0.0019,0.0000,-0.1643,0.0086,
405957, 578,78,12328,5.97886e+09,69.35,19.35,138,1634,0.0815,0.0261,0.0050,0.0055,0.0000,0.0019,0.0000,-0.1643,0.0086,
406902, 64,79,12328,5.9805e+09,69.51,19.51,138,1638,0.0815,0.0261,0.0050,0.0055,0.0000,0.0019,0.0000,-0.1643,0.0086,
407933, 272,80,12328,5.9942e+09,69.66,19.66,132,1641,0.0815,0.0261,0.0050,0.0055,0.0000,0.0019,0.0000,-0.1643,0.0086,
408857, 102,80,12328,5.99692e+09,70.06,20.06,131,1645,0.0815,0.0261,0.0050,0.0055,0.0000,0.0019,0.0000,-0.1643,0.0086,
409775, 96,81,12328,6.01097e+09,70,20,130,1649,0.0815,0.0261,0.0051,0.0055,0.0000,0.0019,0.0000,-0.1728,0.0086,
410695, 113,82,12328,6.01498e+09,70.13,20.13,130,1653,0.0815,0.0261,0.0056,0.0055,0.0000,0.0019,0.0000,-0.1985,0.0086,
411605, 103,82,12328,6.0192e+09,70.51,20.51,129,1657,0.0815,0.0261,0.0055,0.0055,0.0000,0.0019,0.0000,-0.1982,0.0085,
412579, 362,82,12328,6.03193e+09,70.69,20.69,131,1660,0.0812,0.0261,0.0055,0.0054,0.0000,0.0019,0.0000,-0.1982,0.0085,
413518, 55,83,12328,6.0391e+09,70.61,20.61,130,1664,0.0812,0.0258,0.0055,0.0054,0.0000,0.0019,0.0000,-0.1982,0.0085,
414453, 64,83,12328,6.04482e+09,70.98,20.98,130,1667,0.0807,0.0258,0.0058,0.0054,0.0000,0.0019,0.0000,-0.1978,0.0085,
415385, 58,84,12328,6.04767e+09,70.89,20.89,132,1671,0.0813,0.0258,0.0057,0.0054,0.0000,0.0019,0.0000,-0.1975,0.0085,
416428, 257,84,12328,6.05614e+09,71.25,21.25,144,1675,0.0808,0.0265,0.0057,0.0054,0.0000,0.0019,0.0000,-0.1971,0.0085,
417390, 64,84,12328,6.06104e+09,71.41,21.41,147,1678,0.0808,0.0265,0.0057,0.0054,0.0000,0.0019,0.0000,-0.1971,0.0085,
418340, 59,85,12328,6.0659e+09,71.31,21.31,149,1682,0.0808,0.0270,0.0057,0.0054,0.0000,0.0019,0.0000,0.0324,0.0085,
419282, 80,85,12328,6.06999e+09,71.66,21.66,151,1686,0.0813,0.0270,0.0056,0.0054,0.0000,0.0019,0.0000,0.0323,0.0085,
420220, 57,85,12328,6.07259e+09,71.81,21.81,154,1690,0.0813,0.0269,0.0056,0.0054,0.0000,0.0019,0.0000,0.0323,0.0085,
421182, 63,86,12328,6.07587e+09,71.7,21.7,181,1694,0.0812,0.0268,0.0056,0.0054,0.0000,0.0019,0.0000,0.0323,0.0085,
422102, 59,86,12328,6.07907e+09,72.04,22.04,182,1698,0.0807,0.0268,0.0056,0.0054,0.0000,0.0019,0.0000,0.0322,0.0085,
423019, 137,86,12328,6.08151e+09,72.18,22.18,184,1702,0.0807,0.0268,0.0056,0.0054,0.0000,0.0019,0.0000,0.0322,0.0085,
429840, 6635,97,12328,6.08337e+09,69.46,19.46,186,1706,0.0807,0.0268,0.0056,0.0054,0.0000,0.0019,0.0000,0.0322,0.0085,
430910, 1070,99,12328,6.08816e+09,71.17,21.17,130,1708,0.0807,0.0268,0.0058,0.0054,0.0000,0.0019,0.0000,0.0322,0.0085,
431846, 408,100,12328,6.08816e+09,71.32,21.32,130,1712,0.0807,0.0268,0.0058,0.0054,0.0000,0.0019,0.0000,0.0322,0.0085,
432772, 64,101,12328,6.08981e+09,71.26,21.26,130,1716,0.0796,0.0267,0.0058,0.0054,0.0000,0.0019,0.0000,0.0322,0.0085,
433682, 64,101,12328,6.09063e+09,71.45,21.45,132,1720,0.0796,0.0267,0.0059,0.0054,0.0000,0.0019,0.0000,0.0322,0.0085,
434859, 341,102,12328,6.06122e+09,71.18,21.18,132,1724,0.0796,0.0262,0.0059,0.0054,0.0000,0.0019,0.0000,0.0322,0.0085,
435799, 63,102,12328,6.06122e+09,71.36,21.36,139,1727,0.0801,0.0262,0.0059,0.0054,0.0000,0.0019,0.0000,0.0322,0.0085,
437398, 782,104,12328,6.06122e+09,70.82,20.82,139,1731,0.0801,0.0262,0.0059,0.0054,0.0000,0.0019,0.0000,0.0322,0.0085,
438340, 64,103,12328,6.06122e+09,71.44,21.44,139,1735,0.0801,0.0262,0.0059,0.0054,0.0000,0.0019,0.0000,0.0322,0.0085,
439252, 62,104,12328,6.06122e+09,70.95,20.95,139,1739,0.0801,0.0262,0.0059,0.0054,0.0000,0.0019,0.0000,0.0322,0.0085,
441110, 1128,106,12328,6.0672e+09,70.59,20.59,155,1743,0.0801,0.0262,0.0058,0.0054,0.0000,0.0019,0.0000,0.0322,0.0085,
442037, 94,107,12328,6.03623e+09,70.67,20.67,149,1746,0.0801,0.0262,0.0061,0.0054,0.0000,0.0019,0.0000,0.0322,0.0085,
443023, 381,108,12328,6.03997e+09,70.54,20.54,150,1749,0.0801,0.0262,0.0061,0.0054,0.0000,0.0019,0.0000,0.0322,0.0085,
443944, 61,109,12328,6.0411e+09,70.4,20.4,150,1752,0.0801,0.0257,0.0061,0.0054,0.0000,0.0019,0.0000,0.0322,0.0085,
445484, 828,110,12328,6.04331e+09,70.25,20.25,142,1755,0.0801,0.0257,0.0061,0.0054,0.0000,0.0019,0.0000,0.0322,0.0085,
446494, 591,111,12328,6.05193e+09,70.09,20.09,141,1755,0.0801,0.0257,0.0060,0.0054,0.0000,0.0019,0.0000,0.0322,0.0085,
447408, 61,111,12328,6.05403e+09,70.18,20.18,135,1754,0.0801,0.0257,0.0062,0.0054,0.0000,0.0019,0.0000,0.0322,0.0085,
448916, 928,113,12328,6.0543e+09,69.55,19.55,135,1755,0.0801,0.0257,0.0062,0.0054,0.0000,0.0019,0.0000,0.0322,0.0085,
449828, 129,114,12328,6.06416e+09,69.56,19.56,127,1754,0.0801,0.0257,0.0063,0.0054,0.0000,0.0019,0.0000,0.0322,0.0085,
450783, 100,115,12328,6.06538e+09,69.36,19.36,127,1755,0.0801,0.0257,0.0063,0.0054,0.0000,0.0019,0.0000,0.0322,0.0085,
452066, 435,116,12328,6.06538e+09,69.15,19.15,127,1755,0.0795,0.0257,0.0063,0.0054,0.0000,0.0019,0.0000,0.0322,0.0085,
453065, 252,118,12328,6.06766e+09,68.67,18.67,121,1754,0.0795,0.0257,0.0063,0.0054,0.0000,0.0019,0.0000,0.0322,0.0085,
454089, 257,118,12328,6.06766e+09,68.89,18.89,121,1755,0.0795,0.0257,0.0063,0.0054,0.0000,0.0019,0.0000,0.0322,0.0085,
455007, 776,119,12328,6.06766e+09,68.45,18.45,116,1755,0.0795,0.0260,0.0062,0.0054,0.0000,0.0019,0.0000,0.0322,0.0085,
461635, 6242,130,12328,6.06792e+09,65.6,15.6,116,1754,0.0795,0.0260,0.0062,0.0054,0.0000,0.0019,0.0000,0.0322,0.0085,
464819, 3184,135,12328,6.06959e+09,66.2,16.2,122,1750,0.0795,0.0260,0.0062,0.0054,0.0000,0.0019,0.0000,0.0322,0.0085,
465941, 1122,137,12328,6.06959e+09,66.33,16.33,123,1752,0.0795,0.0260,0.0062,0.0054,0.0000,0.0019,0.0000,0.0322,0.0085,
468349, 1517,140,12328,6.07326e+09,65.58,15.58,124,1754,0.0795,0.0260,0.0062,0.0056,0.0000,0.0019,0.0000,0.0322,0.0085,
469396, 413,141,12328,6.07326e+09,65.52,15.52,125,1755,0.0795,0.0260,0.0063,0.0056,0.0000,0.0019,0.0000,0.0322,0.0085,
470331, 60,141,12328,6.07326e+09,65.31,15.31,126,1754,0.0795,0.0260,0.0063,0.0056,0.0000,0.0019,0.0000,0.0322,0.0085,
471256, 63,141,12328,6.07555e+09,64.9,14.9,127,1755,0.0795,0.0260,0.0063,0.0056,0.0000,0.0019,0.0000,0.0322,0.0085,
472548, 485,142,12328,6.08031e+09,64.23,14.23,120,1755,0.0795,0.0260,0.0064,0.0056,0.0000,0.0019,0.0000,0.0322,0.0085,
473469, 64,142,12328,6.08031e+09,64.01,14.01,121,1755,0.0795,0.0263,0.0063,0.0056,0.0000,0.0019,0.0000,0.0322,0.0085,
475006, 923,144,12328,6.08031e+09,63.07,13.07,121,1755,0.0795,0.0263,0.0063,0.0056,0.0000,0.0019,0.0000,0.0322,0.0085,
476123, 383,145,12328,6.08031e+09,62.77,12.77,120,1754,0.0795,0.0260,0.0063,0.0056,0.0000,0.0019,0.0000,0.0322,0.0085,
477050, 56,146,12328,6.08031e+09,62.26,12.26,116,1755,0.0795,0.0260,0.0063,0.0056,0.0000,0.0019,0.0000,0.0322,0.0085,
477973, 763,147,12328,6.08031e+09,61.74,11.74,116,1755,0.0795,0.0260,0.0063,0.0056,0.0000,0.0019,0.0000,0.0322,0.0085,
479277, 439,148,12328,6.08031e+09,61.21,11.21,116,1755,0.0795,0.0260,0.0063,0.0056,0.0000,0.0019,0.0000,0.0322,0.0085,
480219, 57,148,12328,6.08031e+09,60.93,10.93,116,1755,0.0795,0.0260,0.0063,0.0056,0.0000,0.0019,0.0000,0.0322,0.0085,
481126, 63,148,12328,6.08031e+09,60.45,10.45,116,1755,0.0795,0.0260,0.0065,0.0056,0.0000,0.0019,0.0000,0.0322,0.0085,
482054, 61,148,12328,6.08031e+09,59.97,9.97,115,1755,0.0795,0.0262,0.0065,0.0056,0.0000,0.0019,0.0000,0.0322,0.0085,
482964, 116,147,12328,6.08031e+09,59.75,9.75,115,1755,0.0795,0.0262,0.0065,0.0056,0.0000,0.0019,0.0000,0.0322,0.0085,
484512, 725,148,12328,6.08031e+09,58.82,8.82,115,1755,0.0795,0.0262,0.0065,0.0056,0.0000,0.0019,0.0000,0.0322,0.0085,
485431, 63,149,12328,6.08031e+09,58.28,8.28,115,1755,0.0795,0.0264,0.0065,0.0056,0.0000,0.0019,0.0000,0.0322,0.0085,
486334, 62,149,12328,6.08031e+09,57.99,7.99,115,1755,0.0795,0.0264,0.0064,0.0056,0.0000,0.0019,0.0000,0.0322,0.0085,
487268, 64,148,12328,6.08031e+09,57.76,7.76,109,1755,0.0795,0.0264,0.0063,0.0056,0.0000,0.0019,0.0000,0.0322,0.0085,
488198, 56,148,12328,6.08031e+09,57.08,7.08,109,1755,0.0786,0.0264,0.0063,0.0056,0.0000,0.0019,0.0000,0.0322,0.0085,
489147, 51,148,12328,6.08031e+09,56.6,6.6,110,1755,0.0786,0.0264,0.0063,0.0056,0.0000,0.0019,0.0000,0.0322,0.0085,
490095, 63,147,12328,6.08031e+09,56.38,6.38,110,1755,0.0786,0.0264,0.0063,0.0056,0.0000,0.0019,0.0000,0.0322,0.0085,
491001, 64,148,12328,6.08031e+09,55.45,5.45,110,1755,0.0786,0.0264,0.0063,0.0056,0.0000,0.0019,0.0000,0.0322,0.0085,
491913, 66,148,12328,6.08031e+09,55.17,5.17,112,1755,0.0786,0.0264,0.0063,0.0056,0.0000,0.0019,0.0000,0.0322,0.0085,
492827, 91,147,12328,6.08031e+09,54.95,4.95,113,1755,0.0786,0.0264,0.0063,0.0056,0.0000,0.0019,0.0000,0.0322,0.0085,
493769, 63,145,12328,6.08031e+09,54.8,4.8,113,1755,0.0786,0.0264,0.0063,0.0056,0.0000,0.0019,0.0000,0.0322,0.0085,
494707, 63,144,12328,6.05826e+09,54.21,4.21,113,1755,0.0786,0.0259,0.0064,0.0056,0.0000,0.0019,0.0000,0.0322,0.0085,
495642, 62,143,12328,6.05826e+09,53.83,3.83,113,1754,0.0786,0.0259,0.0064,0.0056,0.0000,0.0019,0.0000,0.0322,0.0085,
496581, 64,143,12328,6.05826e+09,53.2,3.2,113,1755,0.0786,0.0259,0.0063,0.0056,0.0000,0.0019,0.0000,0.0322,0.0085,
497539, 62,143,12328,6.05826e+09,52.77,2.77,110,1754,0.0786,0.0259,0.0063,0.0056,0.0000,0.0019,0.0000,0.0322,0.0085,
498503, 177,142,12328,6.06031e+09,52.6,2.6,110,1755,0.0786,0.0258,0.0063,0.0056,0.0000,0.0019,0.0000,0.0322,0.0084,
499410, 56,142,12328,6.06031e+09,51.98,1.98,111,1754,0.0786,0.0258,0.0063,0.0056,0.0000,0.0019,0.0000,0.0322,0.0084,
500368, 79,142,12328,6.06031e+09,51.56,1.56,111,1755,0.0786,0.0258,0.0064,0.0056,0.0000,0.0019,0.0000,0.0322,0.0084,
501289, 72,142,12328,6.04498e+09,51.14,1.14,111,1755,0.0786,0.0258,0.0062,0.0056,0.0000,0.0019,0.0000,0.0322,0.0084,
502228, 64,141,12328,6.04498e+09,50.98,0.98,109,1755,0.0786,0.0258,0.0062,0.0056,0.0000,0.0019,0.0000,0.0322,0.0084,
503186, 59,141,12328,6.04498e+09,50.37,0.37,109,1755,0.0786,0.0258,0.0062,0.0056,0.0000,0.0019,0.0000,0.0322,0.0084,
504100, 128,141,12328,6.04974e+09,49.96,-0.04,108,1753,0.0786,0.0258,0.0061,0.0056,0.0000,0.0019,0.0000,0.0322,0.0084,
505007, 53,140,12328,6.04974e+09,49.81,-0.19,108,1755,0.0786,0.0260,0.0061,0.0056,0.0000,0.0019,0.0000,0.0322,0.0084,
505973, 278,140,12328,6.04974e+09,49.21,-0.79,109,1755,0.0786,0.0260,0.0061,0.0056,0.0000,0.0019,0.0000,0.0322,0.0084,
506891, 61,140,12328,6.04974e+09,48.81,-1.19,109,1755,0.0786,0.0260,0.0061,0.0056,0.0000,0.0019,0.0000,0.0322,0.0084,
507833, 63,126,12328,6.04974e+09,52.05,2.05,108,1755,0.0786,0.0260,0.0061,0.0056,0.0000,0.0019,0.0000,0.0322,0.0084,
508769, 50,125,12328,6.04974e+09,49.25,-0.75,108,1755,0.0786,0.0260,0.0061,0.0056,0.0000,0.0019,0.0000,0.0322,0.0084,
509689, 63,125,12328,6.04974e+09,48.8,-1.2,108,1755,0.0786,0.0267,0.0061,0.0056,0.0000,0.0019,0.0000,0.0322,0.0084,
510629, 63,124,12328,6.04974e+09,48.81,-1.19,108,1755,0.0786,0.0267,0.0059,0.0056,0.0000,0.0019,0.0000,0.0322,0.0084,
511557, 51,122,12328,6.04974e+09,48.89,-1.11,108,1755,0.0786,0.0267,0.0061,0.0056,0.0000,0.0019,0.0000,0.0322,0.0084,
512507, 62,122,12328,6.04974e+09,48.27,-1.73,104,1755,0.0786,0.0267,0.0061,0.0056,0.0000,0.0019,0.0000,0.0322,0.0084,
513417, 63,118,12328,6.04974e+09,49.09,-0.91,104,1755,0.0786,0.0267,0.0061,0.0056,0.0000,0.0019,0.0000,0.0322,0.0084,
514378, 63,117,12328,6.04974e+09,48.37,-1.63,104,1755,0.0786,0.0267,0.0061,0.0056,0.0000,0.0019,0.0000,0.0322,0.0084,
515289, 55,114,12328,6.05507e+09,48.78,-1.22,104,1755,0.0786,0.0267,0.0059,0.0056,0.0000,0.0019,0.0000,0.0322,0.0084,
516196, 64,114,12328,6.05507e+09,48.04,-1.96,103,1755,0.0777,0.0267,0.0059,0.0056,0.0000,0.0019,0.0000,0.0322,0.0084,
517110, 63,109,12328,6.05507e+09,49.2,-0.8,100,1755,0.0777,0.0267,0.0058,0.0056,0.0000,0.0019,0.0000,0.0322,0.0084,
518021, 82,107,12328,6.05507e+09,48.63,-1.37,100,1755,0.0777,0.0267,0.0058,0.0056,0.0000,0.0019,0.0000,0.0322,0.0084,
518951, 63,87,12328,6.05507e+09,53.36,3.36,100,1755,0.0777,0.0267,0.0058,0.0056,0.0000,0.0019,0.0000,0.0322,0.0084,
519896, 61,83,12328,6.05507e+09,50.53,0.53,100,1754,0.0777,0.0267,0.0058,0.0056,0.0000,0.0019,0.0000,0.0322,0.0084,
520827, 56,83,12328,6.05507e+09,49.9,-0.1,100,1755,0.0777,0.0267,0.0058,0.0056,0.0000,0.0019,0.0000,0.0321,0.0084,
521756, 130,83,12328,6.05507e+09,50.07,0.07,99,1755,0.0777,0.0267,0.0058,0.0056,0.0000,0.0019,0.0000,0.0321,0.0084,
522713, 134,82,12328,6.05507e+09,50.5,0.5,99,1755,0.0767,0.0267,0.0058,0.0056,0.0000,0.0019,0.0000,0.0321,0.0084,
523713, 140,78,12328,6.05507e+09,51.52,1.52,99,1754,0.0766,0.0267,0.0058,0.0056,0.0000,0.0019,0.0000,0.0321,0.0084,
524672, 59,77,12328,6.05507e+09,51.2,1.2,101,1755,0.0766,0.0267,0.0058,0.0056,0.0000,0.0019,0.0000,0.0321,0.0084,
525776, 336,76,12328,6.06879e+09,51.49,1.49,101,1755,0.0766,0.0267,0.0058,0.0056,0.0000,0.0019,0.0000,0.0321,0.0084,
526694, 63,77,12328,6.06879e+09,51.27,1.27,101,1755,0.0765,0.0267,0.0058,0.0056,0.0000,0.0019,0.0000,0.0321,0.0084,
527620, 66,77,12328,6.07106e+09,51.7,1.7,98,1755,0.0765,0.0267,0.0058,0.0056,0.0000,0.0019,0.0000,0.0321,0.0084,
528562, 64,77,12328,6.07106e+09,51.93,1.93,98,1754,0.0772,0.0267,0.0058,0.0056,0.0000,0.0019,0.0000,0.0321,0.0084,
